site,type,bipolar,max_length,max_width,max_thickness,mass
sehonghong,core,bipolar,10.92,5.3,4,0.38
sehonghong,core,bipolar,18.33,24.98,28.43,11.4
sehonghong,core,bipolar,24.53,21.84,8.13,5.17
sehonghong,core,bipolar,22.63,13.06,18.65,6.73
sehonghong,core,bipolar,15.85,6.72,4.85,0.43
sehonghong,core,bipolar,14.47,14.47,8.41,3.98
sehonghong,core,bipolar,10.2,3.89,1.99,0.1
sehonghong,core,bipolar,8.54,6.68,3.5,0.23
sehonghong,core,bipolar,9.88,6.85,6.4,0.48
sehonghong,core,bipolar,9.54,5.03,2.71,0.14
sehonghong,core,bipolar,10.55,5.97,4.18,0.21
sehonghong,core,bipolar,8.54,4.55,2.36,0.11
sehonghong,core,bipolar,8.23,6.81,2.67,0.18
sehonghong,core,bipolar,10.96,5.83,6.11,0.44
sehonghong,core,bipolar,11.21,8.77,5.52,0.52
sehonghong,flake,bipolar,13.38,9.26,4.39,0.5
sehonghong,core,bipolar,13.8,11.89,4.42,0.74
sehonghong,flake,bipolar,13.43,3.61,4.78,0.2
sehonghong,core,bipolar,13.61,6.83,4.47,0.42
sehonghong,core,bipolar,11.4,9.97,3.68,0.42
sehonghong,core,bipolar,16.77,5.6,6.73,0.5
sehonghong,flake,bipolar,7.3,4.94,2.22,0.07
sehonghong,core,bipolar,7.89,5.42,3.13,0.13
sehonghong,core,bipolar,12.21,5.35,2.63,0.19
sehonghong,core,freehand,24.2,21.32,22.42,16.49
sehonghong,core,bipolar,29.01,18.27,11.96,5.26
sehonghong,flake,bipolar,8.88,5.7,2.67,0.13
sehonghong,core,bipolar,13.24,5.04,3.47,0.32
sehonghong,core,freehand,17.62,25.6,33.47,16.71
sehonghong,core,freehand,19.46,22.91,31.68,15.33
sehonghong,core,bipolar,10.32,4.62,3.46,0.1
sehonghong,core,freehand,13.53,16.98,25.13,5.12
sehonghong,flake,bipolar,7.82,3.79,1.8,0.09
sehonghong,core,freehand,18.82,21.86,21.54,8.81
sehonghong,core,bipolar,8.47,8.39,14.68,0.69
sehonghong,flake,bipolar,8.53,6.44,2.26,0.16
sehonghong,core,freehand,20.41,12.06,17.81,6.35
sehonghong,flake,bipolar,8.39,4.15,2.5,0.11
sehonghong,core,freehand,40,22.74,16.96,19.49
sehonghong,core,freehand,42.41,24.58,14.31,15.89
sehonghong,flake,bipolar,6.77,5.59,1.04,0.06
sehonghong,core,freehand,33.8,20.92,14.68,9.42
sehonghong,core,freehand,23.89,15.6,13.79,5.23
sehonghong,core,freehand,18.02,9.28,29.54,4.61
sehonghong,core,freehand,18.02,12.66,16.3,3.29
sehonghong,core,freehand,19.68,15.78,24.3,6.33
sehonghong,flake,bipolar,4.41,3.43,1.55,0.01
sehonghong,core,freehand,18.04,21.41,12.82,4.96
sehonghong,flake,freehand,8.37,6.85,0.54,0.06
sehonghong,core,bipolar,27.27,19.46,6.3,4.47
sehonghong,core,bipolar,24.62,16.29,6.83,2.85
sehonghong,flake,freehand,8.39,5.32,2.22,0.08
sehonghong,flake,bipolar,11.5,4.34,2.16,0.13
sehonghong,flake,bipolar,5.6,7.81,3.3,0.14
sehonghong,flake,freehand,8.46,4.62,0.9,0.03
sehonghong,flake,freehand,9.69,5.8,1.85,0.11
sehonghong,flake,freehand,8.22,5.4,1.48,0.1
sehonghong,flake,freehand,6.06,7.59,1.5,0.05
sehonghong,flake,freehand,6.46,5.2,2.51,0.07
sehonghong,flake,freehand,5.57,2.22,0.79,0.01
sehonghong,flake,freehand,5.06,5.52,1.38,0.01
klipfonteinrand,flake,freehand,20.8,14.8,7.2,2.1
klipfonteinrand,flake,freehand,27.3,11.7,6.2,1.5
sehonghong,flake,freehand,8.77,7.35,1.16,0.07
klipfonteinrand,flake,freehand,34,25.3,10.6,9.8
sehonghong,flake,bipolar,9.25,7.83,2.65,0.19
sehonghong,core,freehand,37.22,33.43,18.86,22.34
klipfonteinrand,flake,freehand,23.8,16.9,6.1,2.3
sehonghong,core,freehand,24.66,26.62,16.47,14.43
sehonghong,core,freehand,27.45,18.73,17.58,6.84
klipfonteinrand,flake,freehand,58.6,23.2,13.6,17.5
sehonghong,flake,freehand,7.23,7.04,0.5,0.01
sehonghong,core,freehand,16.93,22.86,16.16,11.4
sehonghong,core,freehand,18.23,12.55,25.03,7.57
sehonghong,core,freehand,28.82,24.87,13.87,9.51
sehonghong,core,freehand,18.82,23.52,24.35,17.88
klipfonteinrand,core,freehand,27.4,18.4,13.2,7.9
sehonghong,core,freehand,37.35,21.19,16.35,17.67
klipfonteinrand,flake,freehand,17.6,10.1,7.5,1
sehonghong,flake,freehand,31.62,19.06,7.25,6.54
sehonghong,core,freehand,59.38,49.74,41.67,99.48
sehonghong,flake,bipolar,29.01,27.77,12.34,8.29
sehonghong,core,freehand,28.14,13.67,24.32,10.26
sehonghong,flake,freehand,21.82,29.34,9.38,3.95
sehonghong,core,freehand,23.73,18.61,10.68,4.92
sehonghong,core,freehand,48.21,23.68,27.06,32.1
sehonghong,flake,bipolar,27.62,16.48,14.6,2.58
sehonghong,core,freehand,18,36.21,30.13,20.96
sehonghong,flake,freehand,22.76,14.43,10.59,2.11
sehonghong,core,freehand,34.75,23.47,21.42,13.76
sehonghong,core,freehand,35.09,29.73,22.51,20.45
sehonghong,flake,freehand,17.59,12.52,5.17,1.01
sehonghong,core,bipolar,17.11,8.71,7.49,NA
sehonghong,core,bipolar,14.11,17.11,8.89,1.87
sehonghong,core,bipolar,31.83,26.87,9.1,8.07
sehonghong,core,freehand,23.6,16.11,11.12,4
sehonghong,flake,bipolar,9.9,16.35,5.82,0.79
sehonghong,core,freehand,22.05,17.38,29,11.38
sehonghong,flake,freehand,24.25,19.26,6.97,2.24
sehonghong,core,freehand,22.74,15.53,20.78,8.4
sehonghong,core,freehand,38.75,28.01,23.5,24.67
sehonghong,core,freehand,23.59,12.59,10.95,3.2
sehonghong,core,bipolar,31.95,6.91,6.96,2.13
sehonghong,core,freehand,22.55,24,34.23,19.47
sehonghong,flake,bipolar,14.91,12.03,5.97,0.77
sehonghong,core,freehand,20.34,21.43,27.75,10.93
sehonghong,core,bipolar,16.2,21.18,9.37,2.27
sehonghong,flake,freehand,14.15,12.96,4.72,0.91
sehonghong,flake,freehand,10.1,13.14,3.93,0.52
sehonghong,flake,freehand,10.79,13.53,1.26,0.16
sehonghong,flake,freehand,10.11,8.01,2.62,0.25
sehonghong,core,bipolar,22.81,12.16,9.27,2.24
sehonghong,flake,freehand,10.05,6.24,2.28,0.13
sehonghong,flake,bipolar,13.27,7.21,2.88,0.29
sehonghong,core,freehand,32.07,18.38,15.34,12.2
sehonghong,flake,freehand,11.93,12.31,3.28,0.41
sehonghong,core,freehand,27.29,22,14.66,9.86
sehonghong,core,freehand,27.14,16.23,17.66,6.71
sehonghong,core,freehand,28.96,18.29,12.1,7.29
sehonghong,core,freehand,22.62,13.32,16.45,5.15
sehonghong,core,freehand,23.96,19.46,11.39,5.67
sehonghong,core,freehand,17.95,16.75,26.55,12.91
sehonghong,core,freehand,19.82,21.82,28.65,17.6
sehonghong,core,freehand,17.66,16.81,24,6.88
sehonghong,core,freehand,23.63,28.23,14.71,9.24
sehonghong,core,freehand,22.47,15.85,26.21,12.56
sehonghong,core,freehand,34.77,46.15,35.14,67.27
sehonghong,flake,bipolar,20.65,9.67,4.61,0.5
sehonghong,core,bipolar,29.92,27.67,13.65,14.75
sehonghong,flake,freehand,13.85,7.66,3.42,0.36
sehonghong,core,freehand,26.98,15.33,15.68,6.61
sehonghong,flake,freehand,14.33,11.65,1.72,0.27
sehonghong,flake,freehand,12.86,12.99,2.84,0.68
sehonghong,core,freehand,29.84,17.97,17.94,11.06
sehonghong,core,freehand,NA,NA,NA,NA
sehonghong,flake,freehand,15.51,12,5.47,0.97
sehonghong,flake,freehand,14.13,11.12,6.16,0.78
sehonghong,core,freehand,15.8,18.57,23.25,9.19
sehonghong,core,freehand,21.14,12.52,12.25,5.03
sehonghong,core,freehand,23.6,11.75,12.95,4.89
sehonghong,core,freehand,31.3,26.45,25.02,18.3
sehonghong,core,freehand,18.49,14.63,20.48,8.43
sehonghong,flake,freehand,9.38,4.15,1.98,0.06
sehonghong,core,bipolar,18,10.91,6.5,1.29
sehonghong,flake,bipolar,11.16,2.94,1.26,0.03
sehonghong,core,freehand,25.83,20.19,26.84,17.55
sehonghong,flake,freehand,22.4,8.1,3.29,0.43
sehonghong,core,freehand,41.63,19.9,43.01,20.62
klipfonteinrand,core,freehand,21.7,18.6,13.7,6.3
sehonghong,flake,freehand,14.25,6.91,3.18,0.35
sehonghong,core,freehand,26.55,39.03,18.87,19.06
sehonghong,flake,freehand,15.46,6.7,1.62,0.19
sehonghong,core,freehand,21.17,42.26,23.17,17.92
klipfonteinrand,core,bipolar,17.6,14.3,10.5,3
sehonghong,core,freehand,21.33,15.84,21.98,13.22
sehonghong,flake,freehand,10.77,2.95,1.16,0.01
sehonghong,flake,freehand,8.27,3.08,1.49,0.02
klipfonteinrand,core,freehand,21.2,18.2,11.7,5
sehonghong,flake,freehand,21.48,21,6.4,2.26
sehonghong,flake,freehand,20.09,16.43,6.28,1.36
sehonghong,flake,freehand,13.11,7.98,1.47,0.19
klipfonteinrand,core,freehand,19.9,14.5,14.2,3.5
sehonghong,flake,freehand,17.92,16.97,2.38,0.58
sehonghong,flake,freehand,23.57,26.6,9.37,7.33
sehonghong,flake,bipolar,20.05,10.77,4.24,1.1
klipfonteinrand,flake,bipolar,12.6,4.7,1.4,0.1
sehonghong,flake,freehand,7.89,11.97,2.27,0.18
sehonghong,flake,freehand,7.38,9.19,0.84,0.02
sehonghong,flake,freehand,8.28,12.08,1.67,0.16
sehonghong,flake,freehand,9.94,5.09,1.21,0.1
klipfonteinrand,flake,freehand,15.8,14,8,1.3
sehonghong,flake,freehand,10.89,5.96,1.47,0.12
klipfonteinrand,flake,freehand,35.3,15.8,15.9,7
sehonghong,flake,freehand,7.42,7.18,1.94,0.11
sehonghong,flake,freehand,9.25,5.44,1.34,0.06
klipfonteinrand,flake,freehand,15.7,7.5,2.8,0.1
sehonghong,flake,freehand,11.45,6.25,1.92,0.13
sehonghong,flake,freehand,11.3,8.78,1.38,0.11
sehonghong,flake,freehand,10.44,4.86,1.26,0.06
sehonghong,flake,freehand,8.67,3.89,1.37,0.05
sehonghong,flake,bipolar,10.81,5.62,1.37,0.06
sehonghong,flake,freehand,26.7,14.81,6.12,2.36
sehonghong,flake,freehand,24.6,10.27,3.96,1.15
sehonghong,flake,freehand,7.64,3.56,0.85,0.03
sehonghong,flake,freehand,7.33,2.81,0.64,0.02
klipfonteinrand,flake,freehand,37.5,18.5,8.7,5.3
sehonghong,flake,bipolar,8.31,4.22,2.26,0.06
sehonghong,flake,freehand,16.19,10.87,6.24,1.15
sehonghong,flake,bipolar,29.88,10.2,7.95,2.59
klipfonteinrand,flake,freehand,25.3,14.5,5.1,2.3
klipfonteinrand,core,bipolar,11,8.2,3.8,0.1
klipfonteinrand,flake,bipolar,13.3,10.9,3.6,0.1
klipfonteinrand,flake,freehand,23.1,13.4,6.2,1.2
klipfonteinrand,core,bipolar,18.9,17.9,11.1,3.5
sehonghong,flake,freehand,39.17,NA,11.01,20.07
klipfonteinrand,flake,freehand,23.8,14.2,6.9,2.5
sehonghong,flake,freehand,36.36,20.1,4.61,3.04
klipfonteinrand,flake,freehand,15.7,9.9,3,0.1
sehonghong,flake,freehand,26.85,25.21,8.63,3.76
klipfonteinrand,flake,freehand,36.7,18.2,7.5,2.7
klipfonteinrand,flake,freehand,22.1,11.9,3,0.7
sehonghong,flake,bipolar,24.36,22.95,8.86,3.7
sehonghong,flake,freehand,12.2,8.84,7.22,0.79
sehonghong,flake,bipolar,14.52,6.41,3,0.28
sehonghong,flake,freehand,16.37,10.18,4.79,0.76
sehonghong,flake,freehand,18.13,11.38,5.87,1.21
sehonghong,flake,freehand,17.19,19.14,3.39,0.81
klipfonteinrand,core,bipolar,24.2,17.8,14.2,6.7
sehonghong,flake,bipolar,16.48,9.21,3.22,0.47
klipfonteinrand,flake,bipolar,18.4,11.6,5.1,0.8
sehonghong,flake,freehand,7.36,14.05,2.26,0.18
klipfonteinrand,flake,freehand,16.3,12.5,4.3,0.7
klipfonteinrand,flake,freehand,21.3,17.4,7.3,1.6
klipfonteinrand,flake,freehand,31,14.2,7,2.6
klipfonteinrand,core,bipolar,19.7,13.6,9.5,2.9
klipfonteinrand,flake,freehand,15.2,12.2,7.4,1.1
klipfonteinrand,core,bipolar,30.1,15.5,12.1,5.9
sehonghong,flake,freehand,14.97,7.87,1.29,0.22
sehonghong,flake,bipolar,12.25,5.66,2.95,0.2
sehonghong,flake,freehand,12.61,14.29,3.59,0.32
klipfonteinrand,core,bipolar,32.1,21.7,15.1,11
sehonghong,flake,freehand,4.56,4.76,0.97,0.03
sehonghong,flake,freehand,21.17,16.4,4.41,1.16
sehonghong,flake,freehand,14.48,8.48,4.23,0.54
sehonghong,flake,freehand,11.36,7.36,1.41,0.11
klipfonteinrand,core,freehand,20.5,19.3,8.6,4.9
klipfonteinrand,flake,freehand,14.4,7.2,2.5,0.1
sehonghong,flake,bipolar,10.43,3.53,2.16,0.06
sehonghong,flake,bipolar,9.61,3.11,2.09,0.07
klipfonteinrand,flake,freehand,19.8,15.3,6.9,1.7
sehonghong,flake,freehand,41.83,17.4,8.1,4.38
sehonghong,flake,freehand,19.66,17.93,10.27,3.03
sehonghong,flake,freehand,15.45,25.17,5.49,1.85
sehonghong,flake,freehand,16.17,9.85,2.36,0.42
sehonghong,flake,freehand,13.34,20.12,3,1.04
sehonghong,flake,freehand,10.1,6.65,0.85,0.07
sehonghong,flake,freehand,24.13,15.53,6.63,2.82
sehonghong,flake,bipolar,11.81,8.53,4.18,0.37
sehonghong,flake,freehand,10.1,6.64,2.52,0.18
klipfonteinrand,flake,freehand,13,10,6,0.8
sehonghong,flake,bipolar,22.65,33.75,6.79,4.57
sehonghong,flake,freehand,12.17,11.92,2.14,0.37
sehonghong,flake,freehand,14.85,8.73,4.1,0.42
sehonghong,flake,freehand,21.67,19.1,4.74,1.84
sehonghong,flake,freehand,18.44,19.84,5.81,1.23
sehonghong,flake,freehand,14.63,12.91,3.66,0.62
klipfonteinrand,flake,freehand,19.7,9.3,2.9,0.1
klipfonteinrand,flake,freehand,15.8,9.6,2,0.1
klipfonteinrand,flake,freehand,14.9,10.9,3.4,0.1
klipfonteinrand,flake,freehand,12.2,8.1,2.1,0.1
klipfonteinrand,flake,bipolar,13.4,6.3,3.1,0.1
klipfonteinrand,flake,bipolar,10.5,4.4,2,0.01
klipfonteinrand,flake,freehand,14.1,8.2,3.7,0.1
klipfonteinrand,flake,freehand,8.6,8.1,3.6,0.05
klipfonteinrand,flake,freehand,9.4,6.4,1.5,0.01
klipfonteinrand,flake,freehand,10.1,8.2,3,0.1
klipfonteinrand,flake,freehand,17,10.8,3.7,0.7
klipfonteinrand,flake,freehand,12.3,7,2.1,0.05
klipfonteinrand,flake,bipolar,14.6,4.1,2.9,0.05
klipfonteinrand,flake,freehand,10,7.4,1.9,0.05
klipfonteinrand,flake,freehand,11.3,9.6,4.2,0.05
klipfonteinrand,flake,freehand,10.3,7.4,2.7,0.01
klipfonteinrand,flake,freehand,8.9,5.7,2.5,0.05
klipfonteinrand,flake,freehand,7.1,4.2,1.4,0.01
sehonghong,flake,bipolar,18.57,12.99,4.95,0.95
klipfonteinrand,flake,freehand,8.1,7.2,2.5,0.1
klipfonteinrand,flake,freehand,6.9,5.8,2.1,0.01
klipfonteinrand,flake,freehand,8.4,5,1.1,0.01
klipfonteinrand,flake,freehand,7.1,5.1,1.5,0.01
sehonghong,flake,bipolar,13.29,6.05,2.06,0.22
sehonghong,flake,bipolar,8.92,8.33,2.69,0.21
klipfonteinrand,flake,freehand,23.5,16.4,5.9,2.3
klipfonteinrand,flake,freehand,16.5,5.6,3.1,0.1
sehonghong,flake,freehand,8.03,8.95,2.64,0.16
sehonghong,flake,freehand,8.36,6.18,0.94,0.03
klipfonteinrand,flake,bipolar,15.7,6.5,4.3,0.1
sehonghong,flake,freehand,9.9,5.4,1.12,0.05
sehonghong,flake,bipolar,9.79,4.98,1.42,0.05
sehonghong,flake,freehand,8.11,7.35,1.39,1.82
sehonghong,flake,freehand,8.75,5.29,1.49,0.06
klipfonteinrand,flake,freehand,12.2,4.7,2.6,0.03
klipfonteinrand,flake,freehand,10.1,9.1,2.9,0.05
sehonghong,flake,freehand,11.21,5.48,0.99,0.06
klipfonteinrand,flake,freehand,10.3,7.6,2.9,0.05
sehonghong,flake,freehand,8.27,10.66,1.3,0.09
klipfonteinrand,flake,freehand,13.3,11.6,4.1,0.1
sehonghong,flake,freehand,6.78,9.1,0.93,0.04
klipfonteinrand,flake,freehand,12.6,7.1,2.5,0.05
sehonghong,flake,freehand,8.84,8.42,1.18,0.09
klipfonteinrand,flake,freehand,10.9,7.1,2.4,0.01
sehonghong,flake,freehand,9.2,5.55,1.35,0.06
klipfonteinrand,flake,freehand,10.2,7.1,1.6,0.05
sehonghong,flake,bipolar,5.74,4.19,1.74,0.05
sehonghong,flake,freehand,9.7,4.89,1.76,0.06
klipfonteinrand,flake,freehand,13,7.5,2.8,0.1
klipfonteinrand,core,bipolar,33.6,24.2,16,12.1
klipfonteinrand,flake,freehand,15.4,14.1,3.8,0.1
klipfonteinrand,flake,bipolar,19.3,8.4,2.5,0.1
sehonghong,flake,freehand,9,8.05,2.25,0.17
klipfonteinrand,flake,freehand,27.1,15.5,6.5,2.4
klipfonteinrand,flake,freehand,13,9.1,2.5,0.1
sehonghong,flake,freehand,7.9,4.44,1.7,0.06
sehonghong,flake,freehand,8.39,5.5,1.97,0.08
klipfonteinrand,core,freehand,25.4,23.2,12.1,6.3
klipfonteinrand,flake,bipolar,13.6,6.1,2.8,0.1
sehonghong,flake,freehand,6.38,6.61,1.32,0.06
klipfonteinrand,flake,freehand,18.5,12,2.9,0.7
klipfonteinrand,flake,freehand,13.7,7.4,2.4,0.1
klipfonteinrand,flake,freehand,20.7,12.8,7.4,1
sehonghong,flake,freehand,11.59,5.86,2.51,0.19
sehonghong,flake,freehand,11.29,13.83,2.07,0.24
sehonghong,flake,bipolar,12.3,10.47,4.38,0.38
sehonghong,flake,bipolar,22.72,6.31,4.4,0.7
sehonghong,flake,freehand,11.25,8.06,3.8,0.36
sehonghong,flake,bipolar,12.91,5.28,1.3,0.1
sehonghong,flake,bipolar,7.32,5.89,2.28,0.12
klipfonteinrand,core,freehand,42.9,27.7,21.7,18.4
sehonghong,flake,bipolar,7.09,3.46,1.44,0.05
sehonghong,flake,bipolar,6.15,6.65,2.76,0.08
klipfonteinrand,flake,freehand,15,7.2,1.7,0.1
klipfonteinrand,flake,freehand,22.7,12.4,5.5,1.1
sehonghong,flake,bipolar,11.41,8.03,3.65,0.44
sehonghong,flake,freehand,10.08,5.61,1.33,0.05
sehonghong,flake,freehand,10.03,5.78,1.54,0.1
klipfonteinrand,flake,bipolar,9.3,7.4,2,0.1
sehonghong,flake,freehand,9.56,5.56,2.53,0.15
klipfonteinrand,flake,freehand,14.1,7.3,3,0.1
sehonghong,flake,freehand,9.1,7.17,0.83,0.06
klipfonteinrand,flake,freehand,7.3,6.1,2.3,0.05
sehonghong,flake,freehand,32.62,31.27,11.85,10.77
klipfonteinrand,flake,freehand,6.8,3.2,1.3,0.05
sehonghong,flake,bipolar,18.65,22.49,8.67,2.52
klipfonteinrand,flake,bipolar,6.2,4,2.3,0.05
sehonghong,flake,freehand,11.9,14.18,2.27,0.29
sehonghong,flake,freehand,25.16,14.84,6.84,1.97
sehonghong,flake,freehand,20.07,20.49,4.06,1.16
sehonghong,flake,freehand,19.53,11.91,3.85,0.67
klipfonteinrand,flake,freehand,17.5,14.1,6.9,1.5
klipfonteinrand,flake,freehand,17.3,14.5,3.8,0.8
klipfonteinrand,flake,freehand,20.1,18.2,3.1,1.2
klipfonteinrand,flake,freehand,20.7,10.1,5,1
klipfonteinrand,flake,freehand,20.2,6.4,5.5,0.5
klipfonteinrand,flake,bipolar,18.1,7.5,3.9,0.1
klipfonteinrand,flake,freehand,15.7,8.8,5.9,0.7
klipfonteinrand,flake,freehand,12.3,8.6,4,0.1
klipfonteinrand,flake,bipolar,11.5,6.2,3,0.5
klipfonteinrand,flake,freehand,9,7.4,3.2,0.05
klipfonteinrand,core,bipolar,11.6,5.9,5.6,0.1
klipfonteinrand,flake,freehand,13.7,7.9,6.1,0.1
klipfonteinrand,flake,freehand,14.1,9.5,4.3,0.1
klipfonteinrand,flake,freehand,11.3,6.2,3,0.05
klipfonteinrand,flake,freehand,7.4,4.7,2.9,0.01
klipfonteinrand,flake,freehand,8.4,5.1,2.3,0.01
klipfonteinrand,flake,freehand,7.8,7.1,3.5,0.05
klipfonteinrand,flake,freehand,5.8,5.1,1.3,0.01
klipfonteinrand,flake,freehand,10.2,3.8,1.7,0.01
klipfonteinrand,flake,freehand,7.5,5.5,0.7,0.01
klipfonteinrand,flake,freehand,6.7,4.7,1.8,0.01
klipfonteinrand,flake,freehand,5.7,4.5,1.2,0.01
klipfonteinrand,flake,bipolar,6.6,3.3,1.6,0.01
sehonghong,flake,bipolar,8.69,4.36,3.18,0.12
klipfonteinrand,flake,freehand,8.1,4.8,2,0.01
klipfonteinrand,flake,freehand,6.3,5.6,0.8,0.01
klipfonteinrand,flake,bipolar,10.7,4.5,2.5,0.01
klipfonteinrand,flake,freehand,8.5,3.4,2.9,0.01
sehonghong,flake,bipolar,12.49,8.92,6.46,0.72
klipfonteinrand,flake,freehand,9.5,5.8,2.2,0.05
klipfonteinrand,flake,freehand,8.6,6.3,2.8,0.01
klipfonteinrand,flake,freehand,11.4,5.9,3.6,0.01
klipfonteinrand,flake,freehand,7.5,6.1,1.9,0.01
klipfonteinrand,flake,freehand,5.9,5.9,1.8,0.01
sehonghong,flake,freehand,25.76,21.44,6.35,2.49
klipfonteinrand,flake,freehand,6.7,5.6,1.8,0.01
sehonghong,flake,freehand,33.18,37.28,7.81,8.89
klipfonteinrand,flake,freehand,15.9,7.5,3.8,0.4
sehonghong,flake,freehand,19.89,19.89,6.03,2.92
klipfonteinrand,flake,freehand,11.2,10.6,3.9,0.1
sehonghong,flake,freehand,20.55,16.83,3.23,0.9
sehonghong,flake,freehand,30.33,16.05,4.43,2.32
sehonghong,flake,freehand,28.25,23.17,7.36,4.05
klipfonteinrand,flake,freehand,10.4,6.5,2.4,0.05
sehonghong,flake,freehand,26.67,17.76,6.12,3.08
sehonghong,flake,freehand,26.12,28.54,4.28,2.51
sehonghong,flake,freehand,18.57,18.88,10.48,3.73
sehonghong,flake,freehand,20.1,24.63,6.55,2.93
sehonghong,flake,freehand,16.73,5.23,1.78,0.15
sehonghong,flake,freehand,34.5,12.63,3.93,1.65
sehonghong,flake,freehand,17.21,3.97,1.2,0.11
klipfonteinrand,core,freehand,20,19.3,9,3.7
klipfonteinrand,flake,freehand,16,7.6,2.8,0.4
sehonghong,flake,freehand,13.39,7.6,1.87,0.18
sehonghong,flake,freehand,20.97,8.07,1.98,0.39
sehonghong,flake,freehand,11.77,4.23,1.41,0.06
sehonghong,flake,freehand,19.1,6.9,1.68,0.36
sehonghong,flake,freehand,18.16,4.79,2.16,0.16
sehonghong,flake,freehand,16.12,5.76,1.44,0.11
sehonghong,flake,freehand,14.41,4.59,1.92,0.08
sehonghong,flake,freehand,15.93,4.37,1.78,0.11
sehonghong,flake,freehand,12.52,5.36,0.96,0.07
sehonghong,flake,freehand,12.66,7.61,2.3,0.23
klipfonteinrand,flake,freehand,18.8,19.2,4.4,1.5
sehonghong,flake,freehand,13.76,6.23,2.44,0.15
sehonghong,flake,freehand,13.88,6.66,1.16,0.15
sehonghong,flake,freehand,13.84,5.2,1.64,0.12
sehonghong,flake,freehand,16.82,7.35,1.54,0.25
sehonghong,flake,freehand,10.54,5.25,0.93,0.05
sehonghong,flake,freehand,24.47,8.54,3.22,0.5
klipfonteinrand,core,freehand,20.9,13.4,9,2.2
klipfonteinrand,flake,freehand,17.9,12,5,0.8
klipfonteinrand,flake,freehand,21.7,13.5,5.5,1.7
sehonghong,flake,freehand,17.46,8.47,1.87,0.32
sehonghong,flake,freehand,25.66,12.25,2.7,0.69
klipfonteinrand,flake,freehand,14.3,7.6,4,0.1
sehonghong,flake,freehand,22.84,8.61,2.5,0.6
sehonghong,flake,bipolar,21.17,9.56,3.62,0.8
sehonghong,flake,freehand,16.8,6.98,2.12,0.21
sehonghong,flake,freehand,16.61,4.16,1.47,0.12
sehonghong,flake,freehand,21.88,11.81,3.09,0.75
klipfonteinrand,flake,freehand,10.5,7.7,4.4,0.1
klipfonteinrand,flake,freehand,8.6,5.6,1,0.01
klipfonteinrand,flake,freehand,9.9,5.1,1.7,0.01
sehonghong,flake,freehand,28.59,5.51,3.69,0.51
sehonghong,flake,freehand,28.12,4.89,3.16,0.48
sehonghong,flake,freehand,50.81,17.65,7.58,5.25
sehonghong,flake,freehand,25.4,9.6,6.68,1.57
sehonghong,flake,freehand,26.22,12.02,2.34,0.84
sehonghong,flake,freehand,23.32,8.72,6.74,1.16
sehonghong,flake,freehand,20.63,4.47,3.73,0.44
klipfonteinrand,flake,freehand,8.1,6.9,1.9,0.1
klipfonteinrand,flake,freehand,13.4,6.9,3.4,0.1
klipfonteinrand,flake,freehand,13.6,4.7,3.2,0.1
klipfonteinrand,flake,freehand,9.8,9,4.4,0.1
klipfonteinrand,flake,freehand,8,6.8,2.9,0.1
klipfonteinrand,flake,freehand,10.3,3.6,2,0.01
klipfonteinrand,flake,freehand,7.6,5.9,1.8,0.01
klipfonteinrand,flake,bipolar,9.3,5.3,1.5,0.01
klipfonteinrand,flake,freehand,9.8,6.4,1.5,0.01
klipfonteinrand,flake,freehand,10.9,4.7,2,0.01
klipfonteinrand,flake,bipolar,6.9,5.2,1.3,0.01
klipfonteinrand,flake,freehand,12.1,5.6,3.5,0.05
klipfonteinrand,flake,freehand,8.9,4.8,2.1,0.01
klipfonteinrand,flake,freehand,13.3,7.7,4.1,0.1
klipfonteinrand,flake,freehand,19.1,14,4.2,0.7
klipfonteinrand,flake,freehand,10.7,8.9,3,0.1
klipfonteinrand,flake,freehand,10.5,5.8,2.1,0.01
klipfonteinrand,flake,freehand,12.3,8.4,1.2,0.01
klipfonteinrand,flake,freehand,12.7,7.7,2.4,0.1
klipfonteinrand,flake,freehand,11.8,10.3,3.5,0.1
klipfonteinrand,flake,freehand,17.5,11.7,4.7,0.7
klipfonteinrand,flake,freehand,7.8,6.4,1.8,0.01
klipfonteinrand,flake,freehand,8.8,7.2,1.4,0.01
klipfonteinrand,flake,freehand,9.9,7.5,1.8,0.01
klipfonteinrand,flake,freehand,7.5,6.7,2.4,0.01
klipfonteinrand,flake,freehand,17.6,12.2,5.2,0.8
klipfonteinrand,flake,freehand,15.5,9.1,1.7,0.05
klipfonteinrand,flake,freehand,10.7,6.3,2.1,0.05
klipfonteinrand,flake,freehand,11,4.6,2.1,0.05
klipfonteinrand,flake,bipolar,16,5.9,3.2,0.1
klipfonteinrand,flake,bipolar,8.8,6,1.8,0.01
klipfonteinrand,flake,freehand,8.8,5.5,1.7,0.01
klipfonteinrand,flake,freehand,7.9,6.8,2.9,0.01
klipfonteinrand,flake,freehand,8.1,6,2.3,0.01
klipfonteinrand,flake,freehand,9,6.7,2.1,0.01
klipfonteinrand,flake,freehand,7.6,4.3,1.7,0.01
klipfonteinrand,flake,freehand,11.7,8.1,2.1,0.1
klipfonteinrand,flake,freehand,10.9,6.4,4.1,0.05
klipfonteinrand,flake,bipolar,10.2,9.1,3,0.02
klipfonteinrand,flake,freehand,15.3,10.9,4.6,0.5
klipfonteinrand,flake,freehand,12.1,7.7,1.9,0.05
klipfonteinrand,flake,freehand,12.1,8.5,1.9,0.01
klipfonteinrand,flake,freehand,12.6,10.2,3.9,0.8
klipfonteinrand,flake,freehand,14.5,12.6,4.7,0.7
klipfonteinrand,flake,freehand,12.7,10.6,3.4,0.1
klipfonteinrand,flake,freehand,10.5,7.4,3.2,0.1
klipfonteinrand,flake,freehand,7.7,4.7,1.9,0.05
klipfonteinrand,flake,bipolar,10.1,8,1.9,0.2
klipfonteinrand,flake,freehand,7.9,5,2.2,0.01
klipfonteinrand,flake,freehand,7,4.9,2.2,0.05
klipfonteinrand,flake,freehand,8.5,4,1.4,0.05
klipfonteinrand,flake,freehand,9.9,3.5,2.5,0.1
klipfonteinrand,flake,freehand,6.7,4.5,1.5,0.05
klipfonteinrand,flake,bipolar,7.3,6.4,1.7,0.05
klipfonteinrand,flake,freehand,9.9,4.3,2.6,0.2
klipfonteinrand,flake,freehand,10.5,4.4,2.5,0.2
klipfonteinrand,flake,freehand,10.8,4.9,2.3,0.2
klipfonteinrand,flake,bipolar,10.2,5.6,5.1,0.3
klipfonteinrand,flake,bipolar,9.5,7.2,1.7,0.2
klipfonteinrand,flake,freehand,6.4,5.5,2.1,0.05
klipfonteinrand,flake,freehand,8.3,6.4,4.1,0.3
klipfonteinrand,flake,freehand,9.8,9.1,2.1,0.2
klipfonteinrand,flake,bipolar,10.7,4.6,3.1,0.2
klipfonteinrand,flake,bipolar,11.8,5.5,1.6,0.2
klipfonteinrand,flake,freehand,8,7.2,1.7,0.2
klipfonteinrand,flake,freehand,13,5.8,2.9,0.2
klipfonteinrand,flake,freehand,10.5,8.6,3.1,0.3
klipfonteinrand,flake,freehand,13.6,4.4,2.8,0.1
klipfonteinrand,flake,freehand,11.8,8.1,1.7,0.1
klipfonteinrand,flake,freehand,14.9,7.3,2.2,0.3
klipfonteinrand,flake,freehand,21.3,17,6.8,2.5
klipfonteinrand,flake,freehand,40.2,19.7,8.2,4.4
klipfonteinrand,flake,freehand,41.6,25.1,15.2,14.96
klipfonteinrand,flake,freehand,22.2,16.2,8.8,3.1
klipfonteinrand,flake,freehand,15.2,7.1,2.3,0.15
klipfonteinrand,flake,freehand,8.3,4.9,2.4,0.08
klipfonteinrand,flake,freehand,9.4,5.7,2.2,0.1
klipfonteinrand,flake,freehand,11.1,6.9,2.7,0.17
klipfonteinrand,flake,freehand,6.5,5.6,1.1,0.04
klipfonteinrand,flake,freehand,12.5,5.3,1.7,0.12
klipfonteinrand,flake,freehand,18.6,10.4,2.4,0.34
klipfonteinrand,flake,freehand,9.8,9.7,1.7,0.14
klipfonteinrand,flake,freehand,11.3,6.8,2.1,0.18
klipfonteinrand,flake,freehand,10.6,6.9,2.4,0.17
klipfonteinrand,flake,freehand,7.8,4.7,1.2,0.03
klipfonteinrand,flake,freehand,10.2,6.7,2.2,0.13
klipfonteinrand,flake,freehand,10.2,8,2.6,0.26
klipfonteinrand,flake,freehand,10.5,6.5,3.4,0.19
klipfonteinrand,flake,freehand,9.9,6.4,2.1,0.17
klipfonteinrand,flake,freehand,13.6,7.4,3,0.25
klipfonteinrand,flake,freehand,11.4,9,2.5,0.19
klipfonteinrand,flake,freehand,13.5,9.9,3.5,0.52
klipfonteinrand,flake,freehand,12.6,8.3,3.1,0.35
klipfonteinrand,flake,freehand,11.1,7.3,3.2,0.2
klipfonteinrand,flake,freehand,11.6,7.1,2.1,0.17
klipfonteinrand,flake,freehand,12.9,8.9,3.4,0.27
klipfonteinrand,flake,freehand,17.2,11.3,3.1,0.58
klipfonteinrand,flake,freehand,10,5.5,1.9,0.11
klipfonteinrand,flake,freehand,9.4,8.3,1.9,0.09
klipfonteinrand,flake,freehand,14.1,12,3.8,0.58
klipfonteinrand,flake,freehand,13.3,7.4,2,0.16
klipfonteinrand,flake,freehand,16.4,8.7,3.5,0.52
klipfonteinrand,flake,freehand,16.5,8.9,3,0.47
klipfonteinrand,flake,freehand,18,9.2,3.2,0.4
klipfonteinrand,flake,freehand,20.3,10.2,5.2,0.92
klipfonteinrand,flake,freehand,23.1,7.6,6.6,2.75
klipfonteinrand,flake,freehand,19.3,14.4,5.3,1.3
klipfonteinrand,core,freehand,17.4,14.4,8.7,2.34
klipfonteinrand,flake,freehand,7.1,5,1.5,0.06
klipfonteinrand,flake,freehand,9.2,6,2.6,0.11
klipfonteinrand,flake,freehand,10.1,7.9,2.1,0.11
klipfonteinrand,flake,freehand,7,5.3,0.7,0.01
klipfonteinrand,flake,freehand,16.6,11.2,7.5,1.24
klipfonteinrand,flake,freehand,11.1,9.4,4,0.4
klipfonteinrand,flake,freehand,14.6,7.4,2.8,0.26
klipfonteinrand,flake,freehand,11.4,7.9,3,0.24
klipfonteinrand,flake,freehand,12,9.5,2.2,0.19
klipfonteinrand,flake,freehand,14.6,12.2,4.4,0.67
klipfonteinrand,flake,freehand,16.1,5.7,1.3,0.14
klipfonteinrand,core,freehand,15.2,12.4,9.2,2.83
klipfonteinrand,flake,freehand,12.2,5,1.8,0.08
klipfonteinrand,flake,freehand,10.7,6.7,2.5,0.13
klipfonteinrand,flake,freehand,15.4,5.6,3.5,0.33
klipfonteinrand,flake,freehand,10.4,7.6,1.9,0.15
klipfonteinrand,flake,freehand,9.9,5.6,1.3,0.06
klipfonteinrand,flake,freehand,10,6.9,2.5,0.22
klipfonteinrand,flake,freehand,6.7,6.3,1.8,0.07
klipfonteinrand,flake,freehand,11.8,5.6,1.9,0.11
klipfonteinrand,flake,freehand,16.5,11.7,3.4,0.69
klipfonteinrand,flake,freehand,19.5,8.8,6.7,1.13
klipfonteinrand,flake,freehand,18.6,11.6,4.7,0.76
klipfonteinrand,flake,freehand,39,31.8,7.1,7.95
klipfonteinrand,flake,freehand,19.5,18.3,6.9,1.93
klipfonteinrand,flake,freehand,10.6,10,3.5,0.31
klipfonteinrand,flake,freehand,27.6,14.7,6,2.4
klipfonteinrand,flake,freehand,38.1,32.9,10,11.71
klipfonteinrand,flake,freehand,34.6,20.6,9.5,4.84
klipfonteinrand,flake,freehand,35.5,18.1,3.8,1.85
klipfonteinrand,flake,freehand,19.4,11.5,5.9,1.41
klipfonteinrand,flake,freehand,37.3,30.6,18,26.62
sehonghong,flake,freehand,18.87,28.32,4.84,1.4
sehonghong,flake,freehand,12.26,7.47,1.53,0.13
sehonghong,flake,freehand,9.84,5.71,1.29,0.1
sehonghong,flake,freehand,7.65,3.26,0.82,0.02
sehonghong,flake,freehand,10.28,6.47,1.34,0.05
sehonghong,flake,freehand,7.03,6.14,1.62,0.06
sehonghong,flake,freehand,6.52,9.08,1.99,0.12
sehonghong,flake,freehand,10.79,6.31,0.92,0.06
sehonghong,flake,freehand,10.55,5.7,1.56,0.08
sehonghong,flake,freehand,45.32,19.13,10.21,9.65
sehonghong,flake,freehand,31.19,25.12,6.41,6.01
sehonghong,flake,freehand,17.08,17.75,6.76,1.97
sehonghong,flake,freehand,11.94,11.36,2.53,0.35
sehonghong,flake,freehand,23.89,18.08,3.3,1.3
sehonghong,flake,freehand,10.78,2.62,0.58,0.03
sehonghong,flake,freehand,41.75,23.74,11.53,13.37
sehonghong,flake,freehand,42.82,32.55,14.69,23.58
sehonghong,flake,freehand,24.55,22.12,6.78,4.43
sehonghong,flake,freehand,25.75,8.53,5.16,1.11
klipfonteinrand,flake,freehand,33,9.4,4.2,1.11
klipfonteinrand,flake,bipolar,27.2,20.2,12.9,6.05
klipfonteinrand,core,bipolar,33.7,14.5,11.6,6.35
sehonghong,flake,freehand,25.07,5.08,1.56,0.29
klipfonteinrand,flake,freehand,19.8,10.6,6.3,8
sehonghong,flake,freehand,13.82,4.69,2.33,0.16
sehonghong,flake,freehand,24.92,7.01,4.52,0.56
sehonghong,flake,freehand,18.68,8.02,2.66,0.55
sehonghong,flake,freehand,33.17,16.18,10.23,5.22
klipfonteinrand,flake,freehand,15.9,10.3,2.9,0.47
sehonghong,flake,freehand,31.02,8.87,2.21,0.6
sehonghong,flake,freehand,21.43,12.7,3.66,1.48
klipfonteinrand,flake,bipolar,29.9,11.5,10.6,3.32
sehonghong,flake,freehand,19.36,12.38,3.11,0.7
sehonghong,flake,freehand,19.54,10.74,2.63,0.66
sehonghong,flake,bipolar,29.49,25.58,8,7.02
sehonghong,flake,freehand,21.79,5.25,1.7,0.18
sehonghong,flake,freehand,20.23,5.31,1.59,0.2
sehonghong,flake,freehand,24.64,28.56,11.57,8.41
sehonghong,flake,freehand,30.19,19.57,11.72,7.78
sehonghong,flake,freehand,34.92,7.61,4,1.08
sehonghong,flake,freehand,34.17,17.78,3.72,1.02
sehonghong,flake,freehand,11.47,2.95,1.95,0.05
sehonghong,flake,freehand,29.89,9.1,7.31,1.33
sehonghong,flake,freehand,17.96,18.23,3.29,0.43
klipfonteinrand,flake,freehand,25.9,20.2,6,2.69
sehonghong,flake,freehand,11.31,16.28,3.69,0.38
sehonghong,flake,bipolar,8.13,5.72,2.94,0.12
klipfonteinrand,flake,freehand,42.6,29.5,15.1,15.31
klipfonteinrand,flake,bipolar,34.6,24.8,20.3,14.93
sehonghong,flake,freehand,9.4,6.06,1.03,0.04
sehonghong,flake,freehand,11.83,13.2,2.93,0.46
klipfonteinrand,flake,freehand,26.7,16.6,9.1,3.5
klipfonteinrand,core,freehand,13.4,10.7,9.1,0.97
klipfonteinrand,core,freehand,18.4,17.5,14.8,4.37
sehonghong,flake,freehand,13.16,5.97,1.1,0.08
sehonghong,flake,freehand,14.62,8.25,3.96,0.31
sehonghong,flake,freehand,22.3,13.16,4.18,0.87
sehonghong,flake,bipolar,14.71,11.88,3.95,0.93
sehonghong,flake,freehand,14.63,13.23,4.28,0.97
sehonghong,flake,freehand,12.92,13.21,2.38,0.38
sehonghong,flake,freehand,9.98,5.05,1.54,NA
sehonghong,flake,freehand,40.63,28.65,20.92,26.31
sehonghong,flake,freehand,14.61,9.06,2.29,0.4
sehonghong,flake,freehand,22.07,14.68,5.35,1.85
sehonghong,flake,freehand,18.14,14.89,4.09,1.15
sehonghong,flake,freehand,22.86,22.94,8.01,5.53
sehonghong,flake,freehand,19.76,11.3,4.73,0.9
sehonghong,flake,freehand,14.04,4.31,0.95,0.1
sehonghong,flake,freehand,17.53,4.61,1.99,0.12
klipfonteinrand,flake,freehand,16.5,15.3,7.9,1.9
sehonghong,flake,freehand,28.79,7.58,2.36,0.57
sehonghong,flake,freehand,16.75,6.77,1.09,0.13
sehonghong,flake,freehand,21.7,30.95,7.69,5.59
sehonghong,flake,freehand,8.64,11.97,2.1,0.16
sehonghong,flake,freehand,12.62,7.7,2.19,0.19
sehonghong,flake,freehand,5.1,2.77,0.47,0.02
sehonghong,flake,freehand,27.68,12.61,3.53,1.56
klipfonteinrand,flake,freehand,20.8,11.7,7.6,2.4
sehonghong,flake,freehand,10.12,8.32,1.67,0.18
sehonghong,flake,freehand,27.07,11.64,5.57,1.95
klipfonteinrand,core,freehand,30.9,28.2,18.2,16.7
sehonghong,flake,freehand,16.77,19.66,4.58,1.18
sehonghong,flake,freehand,25.58,11.13,2.65,0.64
sehonghong,flake,freehand,14.25,13.53,14.33,1.09
sehonghong,flake,freehand,21.03,12.68,2.91,0.88
sehonghong,flake,freehand,9.65,4.84,1.04,0.05
sehonghong,flake,freehand,6.3,2.81,0.82,0.02
sehonghong,flake,freehand,7.6,3.24,1.04,0.04
sehonghong,flake,freehand,9.83,7.04,1.22,0.09
sehonghong,flake,freehand,10.01,5.68,1.52,0.06
klipfonteinrand,flake,freehand,29.2,20.8,6.2,3.9
sehonghong,flake,freehand,8.19,3.47,0.92,0.03
sehonghong,flake,freehand,9.2,7.79,1.82,0.14
sehonghong,flake,freehand,6.22,4.23,1.23,0.03
sehonghong,flake,freehand,19.97,4.41,1.26,0.1
sehonghong,flake,freehand,18.98,6.28,1.49,0.15
sehonghong,flake,freehand,31.4,7.58,2.32,0.62
sehonghong,flake,freehand,42.35,15.73,4.22,3.52
sehonghong,flake,freehand,19.15,7.36,2.68,0.28
sehonghong,flake,freehand,12.25,5.39,1.69,0.08
sehonghong,flake,freehand,10.06,3.73,0.71,0.03
sehonghong,flake,freehand,33.74,12.8,3.58,1.12
sehonghong,flake,freehand,21.83,6.55,1.68,0.28
klipfonteinrand,flake,freehand,23.5,14.1,4.7,1.3
sehonghong,flake,freehand,30.6,7.17,2.25,0.49
klipfonteinrand,flake,freehand,30.9,20.7,7.4,3.5
sehonghong,flake,freehand,44.73,9.35,3.74,1.58
klipfonteinrand,flake,freehand,30.2,16.1,9.2,3.1
sehonghong,flake,freehand,20.3,7.11,1.51,0.27
klipfonteinrand,flake,freehand,41,19.9,9,6.5
sehonghong,flake,freehand,16.81,10.49,1.51,0.14
sehonghong,flake,freehand,23.09,5.76,1.86,0.25
klipfonteinrand,flake,freehand,18.2,14.3,7.3,1.3
sehonghong,flake,bipolar,19.59,5.34,3.82,0.36
klipfonteinrand,flake,freehand,16.3,13.1,8.4,1.7
klipfonteinrand,flake,freehand,16.6,9.5,5.1,0.7
klipfonteinrand,flake,freehand,15.3,11.8,6,1.1
sehonghong,flake,freehand,15.92,6.69,4.06,0.46
klipfonteinrand,flake,freehand,18.2,15.2,7.1,1.6
klipfonteinrand,flake,freehand,19,13.5,7.6,1.9
klipfonteinrand,flake,freehand,19.2,11.6,8.8,2.2
sehonghong,flake,freehand,30.89,10.28,3.05,0.99
sehonghong,flake,freehand,23.91,8.34,1.58,0.42
klipfonteinrand,flake,freehand,30.2,19.3,13.4,8.4
sehonghong,flake,freehand,12.89,4.08,1.24,0.08
sehonghong,flake,bipolar,10.64,5,3.22,0.19
sehonghong,flake,bipolar,7.72,5.81,1.57,0.04
sehonghong,flake,freehand,36.54,30.95,8.12,7.79
sehonghong,flake,freehand,40.07,NA,9.44,11.33
klipfonteinrand,flake,freehand,32.1,11.6,6,2.2
klipfonteinrand,flake,freehand,13.8,6.7,2.9,0.23
klipfonteinrand,core,bipolar,9.1,7.9,6.4,0.47
klipfonteinrand,core,freehand,18.3,16,15.8,5.02
klipfonteinrand,core,freehand,27,14.3,10.7,4.63
klipfonteinrand,core,freehand,22.2,19.9,14.8,7.31
klipfonteinrand,core,freehand,40.6,23.9,19.6,19.31
klipfonteinrand,core,freehand,14.1,12.5,8.2,1.38
klipfonteinrand,core,bipolar,14.4,11.3,4.7,0.87
klipfonteinrand,flake,bipolar,7.2,5.8,2.7,0.11
klipfonteinrand,flake,bipolar,8.6,4.9,1.8,0.03
klipfonteinrand,flake,bipolar,16.3,6.3,3.2,0.3
klipfonteinrand,flake,bipolar,16.5,10.6,3.1,0.51
klipfonteinrand,flake,bipolar,17,6.4,2.9,0.22
klipfonteinrand,flake,bipolar,17.8,9.1,5.3,0.7
klipfonteinrand,flake,bipolar,24.4,13.5,7,2.15
klipfonteinrand,flake,bipolar,11.7,11.3,5.1,0.48
klipfonteinrand,flake,bipolar,15,8.3,3.8,0.54
klipfonteinrand,flake,bipolar,16.3,8.1,4.4,0.55
klipfonteinrand,flake,bipolar,15.5,5.2,3.8,0.29
klipfonteinrand,flake,freehand,11.5,7.6,1.9,0.17
klipfonteinrand,flake,freehand,12,6.4,1.6,0.08
klipfonteinrand,flake,freehand,19.8,12.9,2.8,0.49
klipfonteinrand,flake,freehand,10,5.5,2.4,0.12
klipfonteinrand,flake,freehand,12.5,8.4,4.3,0.41
klipfonteinrand,flake,freehand,13.3,5.2,2.1,0.1
klipfonteinrand,flake,freehand,13.8,9.5,2.8,0.3
klipfonteinrand,flake,freehand,16.6,9.6,4.4,0.57
klipfonteinrand,flake,freehand,19.3,16.7,5.6,1.61
klipfonteinrand,flake,freehand,9.2,6.8,2.6,0.16
klipfonteinrand,flake,freehand,6.2,5.3,1.8,0.06
klipfonteinrand,flake,freehand,7.2,6.1,1.5,0.05
klipfonteinrand,flake,freehand,7.5,6,1.8,0.07
klipfonteinrand,flake,freehand,7.6,6.3,2.3,0.11
klipfonteinrand,flake,freehand,7.6,7.2,1.6,0.06
klipfonteinrand,flake,freehand,7.7,6.6,2.1,0.1
klipfonteinrand,flake,freehand,7.9,5.2,0.9,0.04
klipfonteinrand,flake,freehand,8.2,6.7,2.3,0.1
klipfonteinrand,flake,freehand,8.3,6.4,3,0.14
klipfonteinrand,flake,freehand,8.3,7.2,2.2,0.13
klipfonteinrand,flake,freehand,9,5.3,2.8,0.11
klipfonteinrand,flake,freehand,9,7.1,1.2,0.07
klipfonteinrand,flake,freehand,9.2,5.7,3.6,0.17
klipfonteinrand,flake,freehand,9.2,5.8,1.9,0.09
klipfonteinrand,flake,freehand,9.4,5.4,1.5,0.07
klipfonteinrand,flake,freehand,9.8,5.6,1.9,0.11
klipfonteinrand,flake,freehand,9.9,5.9,2.1,0.09
klipfonteinrand,flake,freehand,10.2,6.8,2.6,0.12
klipfonteinrand,flake,freehand,10.2,7.4,2.2,0.14
klipfonteinrand,flake,freehand,10.2,8,3.4,0.25
klipfonteinrand,flake,freehand,10.6,7.3,1.9,0.14
klipfonteinrand,flake,freehand,10.7,6.8,4,0.19
klipfonteinrand,flake,freehand,10.8,6.2,2,0.14
klipfonteinrand,flake,freehand,10.9,5.7,2.4,0.12
klipfonteinrand,flake,freehand,11.1,6.4,2,0.12
klipfonteinrand,flake,freehand,11.2,6.7,2.6,0.2
klipfonteinrand,flake,freehand,11.5,6.8,3.9,0.25
klipfonteinrand,flake,freehand,11.5,8.5,1.9,0.14
klipfonteinrand,flake,freehand,11.7,7.8,3.3,0.32
klipfonteinrand,flake,freehand,12.1,7.1,2.5,0.18
klipfonteinrand,flake,freehand,12.1,9.1,2.4,0.21
klipfonteinrand,flake,freehand,12.7,8,3.9,0.22
klipfonteinrand,flake,freehand,12.8,9.7,3.2,0.3
klipfonteinrand,flake,freehand,13,9.3,2.4,0.28
klipfonteinrand,flake,freehand,13.1,6.5,2.1,0.19
klipfonteinrand,flake,freehand,13.1,11.2,2.9,0.38
klipfonteinrand,flake,freehand,13.2,7.3,2.6,0.21
klipfonteinrand,flake,freehand,13.3,7.6,4.8,0.5
klipfonteinrand,flake,freehand,13.5,10.1,3.9,0.5
klipfonteinrand,flake,freehand,13.8,8.2,3.1,0.34
klipfonteinrand,flake,freehand,14.1,8.3,3,0.32
klipfonteinrand,flake,freehand,14.6,10.8,4.1,0.56
klipfonteinrand,flake,freehand,15.7,7.8,2.4,0.25
klipfonteinrand,flake,freehand,15.7,8.8,2.3,0.25
klipfonteinrand,flake,freehand,19.5,13.3,4.7,0.8
klipfonteinrand,flake,freehand,23.5,14.4,5.3,1.54
klipfonteinrand,flake,freehand,31.4,21.2,7.6,4.58
klipfonteinrand,flake,freehand,8.7,7.5,1.6,0.1
klipfonteinrand,flake,freehand,10.8,7.5,4.5,0.27
klipfonteinrand,flake,freehand,13,10.1,4,0.49
klipfonteinrand,flake,freehand,13.2,5,2.5,0.13
klipfonteinrand,flake,freehand,13.2,9.1,3.1,0.33
klipfonteinrand,flake,freehand,13.7,9.2,3,0.34
klipfonteinrand,flake,freehand,14.3,7.8,4.1,0.43
klipfonteinrand,flake,freehand,14.4,5.6,2.6,0.21
klipfonteinrand,flake,freehand,14.5,13.5,3.1,0.56
klipfonteinrand,flake,freehand,14.7,8.9,5.4,0.64
klipfonteinrand,flake,freehand,14.9,9.8,4.6,0.64
klipfonteinrand,flake,freehand,15.2,9.1,5.1,0.61
klipfonteinrand,flake,freehand,16.7,11.3,4,0.55
klipfonteinrand,flake,freehand,18,9.4,5.2,0.83
klipfonteinrand,flake,freehand,20,10.2,5.7,1.01
klipfonteinrand,flake,freehand,8.6,5.8,1.9,0.08
klipfonteinrand,flake,freehand,8.7,7.6,1.4,0.08
klipfonteinrand,flake,freehand,8.8,6.9,2.6,0.11
klipfonteinrand,flake,freehand,12.2,9.4,5.6,0.73
klipfonteinrand,flake,freehand,13.8,7.9,2.7,0.18
klipfonteinrand,flake,freehand,15.8,7.4,3.1,0.35
klipfonteinrand,flake,freehand,16.9,7.5,4.4,0.6
klipfonteinrand,flake,freehand,21.1,17.3,6.4,1.8
klipfonteinrand,flake,freehand,9.8,7.9,1.7,0.12
klipfonteinrand,flake,freehand,13.8,8.9,2.8,0.32
klipfonteinrand,flake,freehand,18.8,9.2,2.4,0.28
klipfonteinrand,core,bipolar,15.3,10.1,4.7,0.98
klipfonteinrand,core,bipolar,18.4,8.9,5.6,0.85
klipfonteinrand,core,bipolar,19.7,15.7,7,1.74
klipfonteinrand,core,bipolar,13.5,12.1,7.1,1.18
klipfonteinrand,core,bipolar,40.2,27.4,13.8,18.76
klipfonteinrand,core,freehand,19.2,16.5,10.5,2.78
klipfonteinrand,core,freehand,26.6,17.3,13.4,6.62
klipfonteinrand,core,freehand,29.4,21.4,16.4,10.7
klipfonteinrand,core,freehand,37,20.3,19.9,17.33
klipfonteinrand,core,freehand,37.1,25,13.5,12.14
klipfonteinrand,core,freehand,28.5,18.9,15.1,8.57
klipfonteinrand,flake,bipolar,11,6.4,2.3,0.13
klipfonteinrand,flake,bipolar,12,4.5,1.9,0.08
klipfonteinrand,flake,freehand,9.4,8.1,1.4,0.08
klipfonteinrand,flake,freehand,9.9,7.1,1.5,0.09
klipfonteinrand,flake,freehand,10.3,7.8,2.2,0.13
klipfonteinrand,flake,freehand,10.3,9.1,2,0.14
klipfonteinrand,flake,freehand,11.6,8.1,2.6,0.22
klipfonteinrand,flake,freehand,12.8,10,3.9,0.45
klipfonteinrand,flake,freehand,14.9,6.4,3.4,0.23
klipfonteinrand,flake,freehand,15.8,5.7,2.3,0.25
klipfonteinrand,flake,freehand,10.6,9.2,3.5,0.28
klipfonteinrand,flake,freehand,10.9,10.6,3.4,0.3
klipfonteinrand,flake,freehand,12.4,8.2,1.5,0.14
klipfonteinrand,flake,freehand,13.9,6.5,2.1,0.17
klipfonteinrand,flake,freehand,22,13.6,5.5,1.3
klipfonteinrand,flake,freehand,31.6,19.2,7,2.96
klipfonteinrand,flake,freehand,15.3,11.3,3.9,0.62
klipfonteinrand,flake,freehand,14.4,7.2,2.1,0.21
klipfonteinrand,flake,freehand,18.9,4.4,2.4,0.22
klipfonteinrand,core,bipolar,13,8.3,6.8,0.73
klipfonteinrand,flake,bipolar,7.1,2.8,1.2,0.04
klipfonteinrand,flake,bipolar,11.9,6.3,2.7,0.16
klipfonteinrand,flake,bipolar,14.3,8.5,4.7,0.57
klipfonteinrand,flake,bipolar,19.8,14.8,7.5,2.14
klipfonteinrand,flake,bipolar,13.1,9.6,3.9,0.45
klipfonteinrand,flake,freehand,9.2,7.7,2.3,0.12
klipfonteinrand,flake,freehand,9.8,6.4,2.7,0.21
klipfonteinrand,flake,freehand,11,4.1,1.8,0.09
klipfonteinrand,flake,freehand,11.1,6.7,1.5,0.06
klipfonteinrand,flake,freehand,15.2,8.3,3.1,0.41
klipfonteinrand,flake,freehand,15.7,6,2.1,0.18
klipfonteinrand,flake,freehand,11.1,7.6,3,0.24
klipfonteinrand,flake,freehand,18.5,9.2,2.3,0.36
klipfonteinrand,flake,freehand,7.2,5.5,2.3,0.1
klipfonteinrand,flake,freehand,7.6,3.3,1.4,0.02
klipfonteinrand,flake,freehand,7.8,6.2,1.6,0.08
klipfonteinrand,flake,freehand,7.9,6.4,3.3,0.14
klipfonteinrand,flake,freehand,8.2,4.7,2.1,0.07
klipfonteinrand,flake,freehand,8.4,4.9,1.7,0.05
klipfonteinrand,flake,freehand,8.4,6.4,2.2,0.1
klipfonteinrand,flake,freehand,8.5,7.7,4.4,0.24
klipfonteinrand,flake,freehand,8.6,6,1.9,0.09
klipfonteinrand,flake,freehand,8.8,2.9,1.4,0.05
klipfonteinrand,flake,freehand,8.9,4.1,2.2,0.05
klipfonteinrand,flake,freehand,9.1,6.9,2.2,0.13
klipfonteinrand,flake,freehand,9.2,6.3,3.2,0.13
klipfonteinrand,flake,freehand,9.2,7.9,1.8,0.09
klipfonteinrand,flake,freehand,9.3,6.5,4,0.2
klipfonteinrand,flake,freehand,9.4,3,1.3,0.05
klipfonteinrand,flake,freehand,9.4,5.6,2.1,0.1
klipfonteinrand,flake,freehand,9.8,5.9,2.9,0.12
klipfonteinrand,flake,freehand,10.1,6.6,1.9,0.09
klipfonteinrand,flake,freehand,10.1,8.1,1.7,0.11
klipfonteinrand,flake,freehand,10.4,3.9,2.1,0.07
klipfonteinrand,flake,freehand,10.4,7.1,2.7,0.17
klipfonteinrand,flake,freehand,10.6,7.1,1.6,0.1
klipfonteinrand,flake,freehand,11,6,1.5,0.08
klipfonteinrand,flake,freehand,11.4,8.4,1.6,0.12
klipfonteinrand,flake,freehand,11.4,8.4,2.1,0.19
klipfonteinrand,flake,freehand,11.6,6.4,3.6,0.25
klipfonteinrand,flake,freehand,11.8,8.5,2.9,0.28
klipfonteinrand,flake,freehand,12,10.5,2.8,0.29
klipfonteinrand,flake,freehand,12.1,10.8,1.8,0.23
klipfonteinrand,flake,freehand,12.5,8.6,4.8,0.6
klipfonteinrand,flake,freehand,12.9,5.7,2.2,0.13
klipfonteinrand,flake,freehand,13.2,8.8,4.8,0.38
klipfonteinrand,flake,freehand,13.9,5.4,2.2,0.15
klipfonteinrand,flake,freehand,13.9,7.2,3.3,0.23
klipfonteinrand,flake,freehand,14.4,6.5,2,0.19
klipfonteinrand,flake,freehand,14.4,8.9,4,0.41
klipfonteinrand,flake,freehand,14.5,8.9,2.8,0.33
klipfonteinrand,flake,freehand,14.6,7.1,4.8,0.51
klipfonteinrand,flake,freehand,14.7,10.4,4.9,0.69
klipfonteinrand,flake,freehand,15.9,15.4,4,0.73
klipfonteinrand,flake,freehand,17.8,11.3,3.7,0.83
klipfonteinrand,flake,freehand,20.3,13.7,5.4,1.03
klipfonteinrand,flake,freehand,21.3,13,4.6,1.07
klipfonteinrand,flake,freehand,8.3,7.2,1.8,0.09
klipfonteinrand,flake,freehand,9.3,8.5,2.2,0.14
klipfonteinrand,flake,freehand,10,6.1,1.2,0.07
klipfonteinrand,flake,freehand,10.6,7.1,3.3,0.21
klipfonteinrand,flake,freehand,11.1,8.4,2.8,0.2
klipfonteinrand,flake,freehand,11.8,8.2,3.2,0.32
klipfonteinrand,flake,freehand,12.6,7.8,2.2,0.15
klipfonteinrand,flake,freehand,15.4,8.4,4.8,0.45
klipfonteinrand,flake,freehand,15.6,13.6,5.1,1.04
klipfonteinrand,flake,freehand,15.8,11.7,5.7,0.85
klipfonteinrand,flake,freehand,15.8,12.7,6.6,0.89
klipfonteinrand,flake,freehand,19.2,8.1,4.1,0.55
klipfonteinrand,flake,freehand,22.4,6,3.6,0.38
klipfonteinrand,flake,freehand,23.3,11.8,6,1.44
klipfonteinrand,flake,freehand,7.9,8,2.2,0.14
klipfonteinrand,flake,freehand,9.1,5.8,3.6,0.14
klipfonteinrand,flake,freehand,20.1,7.9,3.1,0.54
klipfonteinrand,flake,freehand,15.5,7.8,2.4,0.26
klipfonteinrand,flake,freehand,9.2,8.8,1.8,0.11
klipfonteinrand,flake,freehand,9.9,4.8,1.2,0.05
klipfonteinrand,flake,freehand,10.8,8.4,1.4,0.11
klipfonteinrand,flake,freehand,11,5.2,1.8,0.1
klipfonteinrand,flake,freehand,12,6.4,3.8,0.21
klipfonteinrand,flake,freehand,12.1,9.3,2.1,0.24
klipfonteinrand,flake,freehand,12.2,4.6,1.5,0.09
klipfonteinrand,flake,freehand,13.1,4.3,1.3,0.07
klipfonteinrand,flake,freehand,14.4,5,3,0.22
klipfonteinrand,flake,freehand,14.6,8.6,4.9,0.46
klipfonteinrand,flake,freehand,15.4,7.8,3.7,0.43
klipfonteinrand,flake,freehand,15.5,6.8,2.5,0.23
klipfonteinrand,flake,freehand,15.8,7.6,2.8,0.33
klipfonteinrand,flake,freehand,20.8,9.9,6.3,1.13
klipfonteinrand,flake,freehand,15.1,6.6,1.7,0.19
klipfonteinrand,flake,freehand,15.8,12.7,3.4,0.53
klipfonteinrand,flake,freehand,16.2,10.6,3.6,0.67
klipfonteinrand,flake,freehand,16.4,11.7,2.4,0.54
klipfonteinrand,flake,freehand,19.6,18.5,3,0.91
klipfonteinrand,flake,freehand,20.7,16.8,8,2.63
klipfonteinrand,flake,freehand,22,11.1,3.4,0.78
klipfonteinrand,flake,freehand,8.5,5.8,1.1,0.05
klipfonteinrand,flake,freehand,15,8.2,2.6,0.26
klipfonteinrand,flake,freehand,21.4,13.9,6.6,1.3
klipfonteinrand,flake,freehand,26.3,16.5,7.5,2.46
klipfonteinrand,core,bipolar,15.8,8.8,4.1,0.53
klipfonteinrand,core,bipolar,14.5,8.8,4.7,0.55
klipfonteinrand,core,bipolar,16,10.6,3.9,0.57
klipfonteinrand,core,bipolar,16.1,13.4,4.6,0.98
klipfonteinrand,core,freehand,31.7,19.1,15.2,11.91
klipfonteinrand,core,freehand,22,14.6,10.1,3.06
klipfonteinrand,core,freehand,21.5,14.1,10.6,3.48